policy,runid,outcome,survival_s,targets,pos_err_cm,yaw_err_deg,pelvis_speed_mps,head_speed_mps,s0_e_legs_upper_j,s0_e_legs_lower_j,s0_e_waist_j,s0_e_arms_upper_j,s0_e_arms_lower_j,s0_v_legs_upper_krads2,s0_v_legs_lower_krads2,s0_v_waist_krads2,s0_v_arms_upper_krads2,s0_v_arms_lower_krads2,s1_e_legs_upper_j,s1_e_legs_lower_j,s1_e_waist_j,s1_e_arms_upper_j,s1_e_arms_lower_j,s1_v_legs_upper_krads2,s1_v_legs_lower_krads2,s1_v_waist_krads2,s1_v_arms_upper_krads2,s1_v_arms_lower_krads2,s2_e_legs_upper_j,s2_e_legs_lower_j,s2_e_waist_j,s2_e_arms_upper_j,s2_e_arms_lower_j,s2_v_legs_upper_krads2,s2_v_legs_lower_krads2,s2_v_waist_krads2,s2_v_arms_upper_krads2,s2_v_arms_lower_krads2,s3_e_legs_upper_j,s3_e_legs_lower_j,s3_e_waist_j,s3_e_arms_upper_j,s3_e_arms_lower_j,s3_v_legs_upper_krads2,s3_v_legs_lower_krads2,s3_v_waist_krads2,s3_v_arms_upper_krads2,s3_v_arms_lower_krads2,s4_e_legs_upper_j,s4_e_legs_lower_j,s4_e_waist_j,s4_e_arms_upper_j,s4_e_arms_lower_j,s4_v_legs_upper_krads2,s4_v_legs_lower_krads2,s4_v_waist_krads2,s4_v_arms_upper_krads2,s4_v_arms_lower_krads2,s5_e_legs_upper_j,s5_e_legs_lower_j,s5_e_waist_j,s5_e_arms_upper_j,s5_e_arms_lower_j,s5_v_legs_upper_krads2,s5_v_legs_lower_krads2,s5_v_waist_krads2,s5_v_arms_upper_krads2,s5_v_arms_lower_krads2,s6_e_legs_upper_j,s6_e_legs_lower_j,s6_e_waist_j,s6_e_arms_upper_j,s6_e_arms_lower_j,s6_v_legs_upper_krads2,s6_v_legs_lower_krads2,s6_v_waist_krads2,s6_v_arms_upper_krads2,s6_v_arms_lower_krads2,s7_e_legs_upper_j,s7_e_legs_lower_j,s7_e_waist_j,s7_e_arms_upper_j,s7_e_arms_lower_j,s7_v_legs_upper_krads2,s7_v_legs_lower_krads2,s7_v_waist_krads2,s7_v_arms_upper_krads2,s7_v_arms_lower_krads2,s8_e_legs_upper_j,s8_e_legs_lower_j,s8_e_waist_j,s8_e_arms_upper_j,s8_e_arms_lower_j,s8_v_legs_upper_krads2,s8_v_legs_lower_krads2,s8_v_waist_krads2,s8_v_arms_upper_krads2,s8_v_arms_lower_krads2,s9_e_legs_upper_j,s9_e_legs_lower_j,s9_e_waist_j,s9_e_arms_upper_j,s9_e_arms_lower_j,s9_v_legs_upper_krads2,s9_v_legs_lower_krads2,s9_v_waist_krads2,s9_v_arms_upper_krads2,s9_v_arms_lower_krads2,s10_e_legs_upper_j,s10_e_legs_lower_j,s10_e_waist_j,s10_e_arms_upper_j,s10_e_arms_lower_j,s10_v_legs_upper_krads2,s10_v_legs_lower_krads2,s10_v_waist_krads2,s10_v_arms_upper_krads2,s10_v_arms_lower_krads2,s11_e_legs_upper_j,s11_e_legs_lower_j,s11_e_waist_j,s11_e_arms_upper_j,s11_e_arms_lower_j,s11_v_legs_upper_krads2,s11_v_legs_lower_krads2,s11_v_waist_krads2,s11_v_arms_upper_krads2,s11_v_arms_lower_krads2
sonic,128,fell,14.12,3,50.5502,40.7842,1.53104,4.05699,328.53,63.5984,45.2084,26.2541,2.33069,25.6664,15.4327,9.21102,12.9138,2.28309,804.624,144.123,174.295,55.0623,2.04533,66.8021,38.163,23.4425,21.6954,3.86455,1306.52,433.169,306.849,66.5626,2.51818,89.2753,58.3287,35.0361,30.1739,5.64227,,,,,,,,,,,,,,,,,,,,,,,,,,,,,,,,,,,,,,,,,,,,,,,,,,,,,,,,,,,,,,,,,,,,,,,,,,,,,,,,,,,,,,,,,,
sonic,129,fell,35.42,8,47.2968,23.4254,3.00764,4.04485,434.003,100.708,55.0372,29.6179,2.20513,29.9474,19.6757,10.1322,11.6729,1.98214,367.552,111.583,87.2806,27.4417,1.43602,42.4807,25.138,14.5959,10.8756,1.99603,1048.4,306.049,224.537,62.6173,1.73412,79.1477,56.8694,25.2996,20.6364,3.76755,1090.36,338.132,263.742,96.2156,2.81107,79.9913,57.5471,28.4069,25.4741,4.13743,1483.15,383.855,290.349,71.9178,1.48076,99.8675,70.3986,37.4057,25.6655,3.26246,708.925,214.152,130.666,49.9731,1.58101,51.7334,36.6999,17.602,14.3294,1.94367,1791.6,439.925,343.062,78.8732,1.38552,106.195,77.8631,33.5729,31.2439,4.38248,466.641,121.26,115.836,7.1427,0.24975,24.6717,14.3063,11.1101,12.396,2.11686,,,,,,,,,,,,,,,,,,,,,,,,,,,,,,,,,,,,,,,,
sonic,130,fell,36.32,8,100.972,6.49713,2.80832,3.59282,492.747,119.706,76.4067,31.9517,1.40692,32.418,20.7627,11.4069,12.8845,1.83661,501.064,154.833,69.1863,27.5802,1.64622,39.7535,23.4012,13.1486,14.5113,1.78754,431.972,171.784,85.3041,29.5088,1.13111,39.0696,28.4879,13.7067,12.7205,1.83996,4196.32,638.399,600.198,124.155,2.17372,210.708,142.062,65.4656,48.2268,7.11037,1334.05,259.834,329.115,54.4976,2.12016,88.7841,60.1059,34.7393,26.4699,3.64138,1953.6,407.269,448.002,67.5952,2.33147,110.553,71.0423,38.6552,25.5751,4.06022,3012.8,573.862,450.913,146.483,2.44338,165.241,115.65,50.4315,50.0973,6.50328,1290.16,108.368,185.512,82.0758,2.78198,59.4733,30.7537,18.8123,21.9133,4.58244,,,,,,,,,,,,,,,,,,,,,,,,,,,,,,,,,,,,,,,,
sonic,131,fell,55.86,12,32.4062,17.5305,0.443616,2.23574,281.912,51.8704,33.0289,19.2069,1.85897,19.073,12.0387,7.53573,10.0613,1.50289,2398.69,469.031,1189.97,144.121,2.62605,158.815,92.964,77.2584,71.009,8.15139,212.266,44.8684,42.4152,23.1306,1.94602,14.6289,7.07048,5.68649,5.84922,1.31481,464.348,126.322,80.834,97.8797,5.1068,38.7279,26.3348,13.881,18.1323,4.33851,258.373,44.2409,24.7828,36.3432,2.68947,19.3665,9.95425,6.70035,7.68159,1.206,215.851,47.6692,35.9928,32.7344,1.8962,18.3488,8.99559,7.29065,8.85678,1.25529,1137.12,127.955,407.565,183.456,4.05317,66.3475,29.8526,28.4268,37.5734,4.95734,1848.9,299.17,511.217,243.141,10.223,112.684,68.6467,43.1286,52.7971,8.28584,723.234,144.362,118.591,53.9163,2.68929,50.9314,30.0809,19.698,19.0716,3.05426,2013.94,545.808,499.2,117.997,2.77679,116.831,86.328,41.845,35.417,6.56689,696.785,189.675,138.904,39.7838,1.24098,53.7419,34.4561,17.8926,15.4622,2.31905,2283.17,101.095,538.961,124.238,6.07643,93.2367,28.3745,39.5463,49.4582,8.32665
sonic,132,complete,60,12,11.097,5.05131,0.0957001,0.181246,357.464,79.8943,40.7601,27.7338,1.03782,28.6729,17.2347,9.09637,11.4841,1.27755,354.675,69.7901,24.0913,25.5582,2.22884,18.7844,11.0555,6.56986,8.82602,1.36015,565.347,122.923,94.5528,49.8732,2.50916,39.408,25.4182,13.824,18.3944,2.62998,775.865,198.974,140.94,62.3691,1.29352,53.2366,36.8277,18.2871,22.2811,2.95908,973.112,242.169,139.757,70.5912,1.78891,66.4653,48.3115,20.947,22.7825,3.13662,1199.22,316.44,241.808,102.438,2.72898,68.529,51.368,24.1424,25.8916,3.32229,972.18,336.205,255.917,79.2373,1.85892,73.6477,56.6269,24.8604,22.6828,3.55622,421.435,121.562,78.5179,29.0948,2.06439,28.5763,17.172,10.8907,9.52939,1.91396,931.054,209.3,211.717,169.59,6.73318,62.7566,35.5645,24.6288,30.1673,6.95248,406.472,114.038,95.9546,42.0499,2.12302,33.5048,18.8377,12.2927,12.224,2.50218,416.61,112.769,72.0924,20.0273,1.34629,31.9594,21.3589,10.8946,10.045,2.2529,248.393,46.8275,91.1411,40.8477,2.27932,22.0684,14.5669,9.27527,10.4765,2.2258
sonic,133,fell,58.3,12,71.0057,10.6804,1.14826,3.65923,294.866,103.929,41.9679,39.8592,3.15608,26.481,18.2743,8.84217,12.0578,2.16267,301.947,72.2955,37.5328,22.7026,1.98051,22.699,10.8128,8.45148,9.46604,1.44283,471.672,125.161,65.5847,46.9374,1.48699,36.7175,21.4281,13.4952,15.995,2.09276,1582.55,384.168,334.553,134.246,2.75304,100.215,67.5511,37.474,36.8458,6.35112,748.776,273.296,145.059,70.8869,2.0206,57.6387,46.4591,21.0308,19.7574,3.88432,2012.16,382.836,464.007,116.128,2.65693,130.847,74.1172,47.8442,41.0235,8.97612,992.072,464.005,243.962,76.7026,2.68783,76.3064,64.1576,25.2725,24.7275,5.44761,1599.77,510.104,319.051,150.729,4.24897,107.31,81.0161,37.2296,40.7822,6.25452,1524.85,509.467,413.58,164.897,2.68211,98.9402,73.2845,35.9466,42.4123,4.98221,3567.41,636.581,1082.27,381.486,7.77569,186.125,118.957,72.6387,92.4106,16.682,2537.1,531.045,564.896,197.914,3.43301,132.744,93.4202,49.6589,54.1647,8.44886,1989.9,446.054,446.878,77.2825,2.27884,118.457,82.8293,42.4873,33.8667,7.02773
sonic,134,fell,14.18,3,38.8905,25.7597,3.3074,3.52332,819.01,174.193,121.229,46.3382,2.05866,57.6458,36.1001,19.6287,19.7406,2.37051,686.315,127.444,87.8225,40.168,2.36389,39.5491,25.3816,12.6775,16.5461,2.46099,473.065,144.995,97.506,28.3403,1.862,36.5844,23.6795,15.4919,13.6431,2.56023,,,,,,,,,,,,,,,,,,,,,,,,,,,,,,,,,,,,,,,,,,,,,,,,,,,,,,,,,,,,,,,,,,,,,,,,,,,,,,,,,,,,,,,,,,
sonic,135,fell,36.52,8,59.491,5.91068,1.89896,1.67843,292.223,68.7447,18.2255,13.414,2.01417,19.1166,12.1565,6.79994,9.08133,1.50637,285.708,82.9868,23.5712,18.7021,2.03802,19.9685,10.7036,7.22635,9.80534,1.40705,725.968,137.283,98.9716,91.336,2.7022,49.8114,29.5747,16.4861,27.1009,4.47397,450.516,68.4852,82.5575,23.0375,1.67878,33.4498,17.3012,12.1255,17.038,2.86434,887.52,147.507,256.92,55.4613,1.88631,63.6058,43.302,25.5247,28.0603,4.29049,2969.69,691.247,829.943,191.985,4.79768,154.864,113.565,55.5073,65.8809,8.89473,496.223,67.3539,71.8182,34.4321,2.62041,38.5661,19.6384,13.6238,17.9413,2.29996,3542.13,225.833,997.162,159.764,0.907776,148.933,60.2692,64.7676,61.9751,4.63847,,,,,,,,,,,,,,,,,,,,,,,,,,,,,,,,,,,,,,,,
sonic,136,fell,55.78,12,9.81343,7.66163,0.921756,1.13269,623.001,190.334,94.893,37.1118,1.77273,43.2397,31.7752,14.6132,16.2911,2.42165,323.573,117.795,69.0115,32.4912,1.88152,27.205,16.7139,10.6782,8.984,1.6831,487.75,183.244,107.002,39.517,1.8487,41.2369,28.3178,14.988,13.0172,2.2374,552.556,218.446,98.5789,34.184,2.25345,48.1069,34.3774,17.6674,15.7053,2.4078,302.341,87.0893,43.7039,22.9415,2.30781,24.7756,15.1182,8.81702,8.31897,1.78605,1059.7,255.952,259.589,106.346,2.04181,74.999,48.7983,25.3216,25.1517,4.00515,560.522,200.933,152.204,63.9904,12.5373,46.8498,32.32,19.1306,17.8455,7.27002,298.403,69.7458,44.7758,21.6966,1.54966,25.9173,15.6335,8.5266,6.85241,1.45292,1169.58,217.644,345.81,64.2447,2.18134,73.4601,44.3472,26.4178,21.2613,4.21818,324.833,99.6171,27.6115,24.5154,2.39189,23.4128,13.7793,7.33597,9.13038,1.67434,522.827,130.305,82.7498,25.9536,2.29147,39.3657,20.1162,13.7124,13.1707,2.00331,1530.5,207.454,737.365,173.84,4.94645,87.2629,34.8437,51.5237,61.3403,9.65619
sonic,137,fell,13.72,3,68.0109,12.3068,1.42576,2.80347,363.024,82.8569,45.0639,22.2,1.91643,30.758,22.2667,10.9875,11.9381,2.07201,664.435,167.569,241.4,93.9011,2.041,55.7548,36.2701,20.3628,27.1285,3.5079,1453.38,150.042,408.07,80.2695,1.72469,82.6776,40.8189,33.912,25.585,4.2158,,,,,,,,,,,,,,,,,,,,,,,,,,,,,,,,,,,,,,,,,,,,,,,,,,,,,,,,,,,,,,,,,,,,,,,,,,,,,,,,,,,,,,,,,,
sonic,138,fell,18.72,4,99.9593,7.15036,1.18314,0.973081,425.335,92.4319,68.7299,69.1148,3.24587,31.5912,22.6604,10.6594,15.6302,2.52987,379.856,92.7974,46.063,34.2916,3.29845,21.9369,15.206,8.04732,12.6695,2.12508,375.445,92.2767,59.4782,28.6794,2.52118,30.6121,18.2441,10.2233,10.6602,1.98691,1952.47,558.478,679.255,121.164,3.79921,121.525,77.3095,49.0126,49.2447,9.54976,,,,,,,,,,,,,,,,,,,,,,,,,,,,,,,,,,,,,,,,,,,,,,,,,,,,,,,,,,,,,,,,,,,,,,,,,,,,,,,,
sonic,139,fell,52.62,11,37.0651,14.9338,1.21768,1.63368,192.906,74.4832,44.3914,45.5608,2.57375,22.7011,15.8529,7.95045,12.412,2.09075,294.633,81.5003,48.346,26.2035,1.88728,22.9538,14.4353,7.56567,9.71442,1.49099,435.845,56.762,44.2878,33.9542,2.35652,24.2673,13.1615,8.36437,11.238,1.27531,897.187,184.211,179.803,109.026,2.92224,70.204,39.2408,25.8532,32.4108,5.57227,824.77,159.828,126.044,63.5125,3.32629,61.5744,41.5297,19.4976,24.8046,3.03771,313.611,52.124,32.7744,33.8285,1.33294,23.4798,12.2984,8.19272,9.19764,1.52997,755.698,110.764,126.536,72.7007,2.11065,52.7377,30.6587,17.68,24.1825,3.18819,446.777,94.5925,62.7724,47.631,1.09051,31.8684,20.6529,12.0832,14.9124,2.07978,410.338,106.215,56.4133,49.058,1.32268,29.0308,18.5999,9.47397,13.4014,1.8094,2065.72,327.636,515.731,188.183,7.21075,132.941,86.7819,52.0481,65.3239,9.61632,1196.49,195.239,259.795,79.3588,8.1299,66.3734,32.6272,21.6098,44.0166,9.85985,,,,,,,,,,
sonic,140,fell,17.88,4,80.34,18.1283,3.03183,3.78575,477.385,97.1258,36.0126,19.1733,1.93858,29.6658,21.5575,9.2391,11.7817,1.7224,582.897,116.033,62.5735,27.4396,1.77627,36.3077,26.0466,10.7888,12.7808,2.2838,497.993,141.571,117.605,36.0184,2.19333,38.2637,25.4285,13.6124,12.5467,2.83723,1189.65,409.486,275.349,44.4717,2.02525,84.4411,61.9792,31.1535,25.5447,5.56088,,,,,,,,,,,,,,,,,,,,,,,,,,,,,,,,,,,,,,,,,,,,,,,,,,,,,,,,,,,,,,,,,,,,,,,,,,,,,,,,
sonic,141,complete,60,12,25.1642,6.10911,0.0498525,0.0551755,733.842,239.145,131.799,35.654,1.81698,49.4558,39.2628,15.5252,18.9327,2.58599,630.141,84.8177,116.726,69.1398,3.58143,33.9837,19.1987,13.1328,23.4927,5.00034,1093.24,263.477,236.929,131.606,3.35789,63.9932,48.1305,22.3434,38.4786,5.24029,464.175,130.939,147.162,62.022,3.0357,31.223,26.0605,12.4021,18.1414,2.84341,381.189,75.9595,54.757,28.8489,2.0445,26.1674,15.423,9.36193,12.9571,2.05888,483.757,100.847,64.4531,37.5774,1.85612,33.0981,19.623,11.3835,15.5421,2.38743,807.276,262.424,142.299,95.3609,2.99487,61.1834,44.1445,19.9224,27.9117,4.85244,1450.14,279.837,499.194,117.717,3.31069,90.7557,56.1287,37.6106,45.5159,6.68637,932.899,290.294,209.14,130.189,3.25911,69.4041,51.7796,22.1698,29.6296,4.23566,788.902,151.367,244.308,147.859,13.1969,60.6491,35.8121,25.3803,34.4656,13.6821,375.857,124.082,96.4672,43.4246,2.55766,38.3303,22.9763,14.568,21.1639,4.17591,164.65,68.5272,35.3917,27.1686,1.66786,22.114,12.5529,7.72459,9.06097,2.09543
sonic,142,fell,55.5,12,30.8079,17.471,0.503809,0.691943,348.756,65.3466,32.2913,26.7658,1.5403,25.7428,17.4931,8.56815,10.4429,1.45806,131.483,43.402,18.2776,23.0452,2.06356,20.8484,12.2623,6.90697,8.01565,1.48054,455.409,98.6265,49.7454,41.8112,2.1446,27.4251,16.0547,9.66938,13.0485,2.48584,220.216,42.8501,54.9712,61.6733,5.24568,21.7999,8.6507,9.26958,16.5733,5.03842,333.735,100.096,48.9694,29.5387,1.60368,29.6784,15.1588,11.1798,14.4195,1.75331,637.204,107.12,72.3763,58.69,1.15791,43.2235,24.9647,14.7661,17.6662,2.21032,642.297,196.968,81.218,64.6373,1.81202,41.0461,27.8819,14.9243,18.1901,2.54613,1115.17,297.338,269.515,138.835,1.75908,78.5605,50.9271,29.8944,31.5107,3.92877,2372.31,562.645,657.513,206.742,2.32076,163.53,106.904,59.8609,63.1612,6.68381,761.168,226.131,251.865,108.268,1.42159,62.8302,42.7617,25.6326,29.5723,3.94952,638.135,128.762,120.932,70.0222,2.46056,50.4568,26.6987,16.3998,18.0117,2.78298,622.763,100.923,161.534,42.9512,2.52712,33.0824,22.8281,13.0657,14.4388,5.15234
sonic,143,fell,40.72,9,24.2526,6.12035,1.67804,1.55846,329.68,100.658,58.1672,26.1796,1.88961,30.662,20.5476,10.2722,11.9723,1.55051,326.648,83.9561,49.6889,32.1891,1.49885,26.4648,16.4641,9.43969,10.5867,1.44736,424.665,130.078,56.9275,36.9086,1.24256,26.5756,17.4829,9.7485,12.951,1.4944,426.166,123.563,71.5637,43.5584,1.73157,28.5021,19.0013,9.17844,11.4408,1.34735,717.998,106.307,164.01,130.066,3.25365,47.8253,24.149,17.0323,22.1494,3.21194,949.288,236.657,176.19,84.1454,1.82524,73.3501,46.2189,23.8604,28.6795,2.92504,923.3,200.282,196.965,60.7057,1.60108,56.8207,31.9142,21.2132,18.7219,2.53171,522.44,95.0262,95.5101,62.3256,1.77456,41.6828,23.6058,15.6532,17.4733,3.46921,987.914,184.944,323.608,228.846,20.3209,59.2531,24.7766,24.6584,48.1262,18.8124,,,,,,,,,,,,,,,,,,,,,,,,,,,,,,
sonic,144,fell,48.62,10,40.2792,13.2951,3.03023,3.48195,129.787,33.3795,18.3089,12.2118,2.04683,16.8591,11.339,5.47629,6.42166,1.22677,338.727,137.715,62.2153,24.5087,1.68116,32.0739,19.134,10.9606,10.6181,1.83575,458.665,101.571,85.2114,22.6256,1.68058,30.9784,17.6743,10.6297,12.7092,1.97186,1193.12,256.779,295.699,65.7909,3.42261,74.3781,55.7869,26.1025,29.6053,4.39742,299.651,76.0554,83.5561,30.2192,2.01367,26.0723,16.0594,10.3235,14.9995,2.56417,360.056,77.0633,74.8145,136.142,1.63069,30.2125,16.6502,10.9033,22.2423,2.94985,456.927,161.338,96.5747,27.49,1.77078,33.7196,25.0949,12.2479,15.5269,2.42444,785.38,322.602,151.846,37.2596,2.46407,62.1342,52.3163,18.8713,20.1056,3.2075,1329.72,344.529,359.903,51.2549,1.98641,93.8711,66.7915,33.1256,33.1839,4.89794,1581.02,508.206,327.037,50.5483,1.57495,94.2576,74.298,32.9457,29.3714,4.65556,,,,,,,,,,,,,,,,,,,,
sonic,145,fell,20.94,5,109.665,13.5803,3.70126,4.27534,327.125,66.3762,36.0353,24.726,2.66021,27.042,16.4709,9.11318,12.0529,1.8383,592.762,133.049,73.294,35.7916,2.22342,43.0891,25.7248,13.5173,18.0517,1.962,414.512,137.745,89.278,24.4311,2.39057,33.6857,23.2094,11.4442,14.6123,2.34977,888.038,317.866,202.31,47.4726,1.75512,77.933,61.0221,27.0349,28.0143,3.70491,503.432,169.197,79.4372,9.58595,0.258481,33.8725,22.6702,9.75976,10.3502,1.75673,,,,,,,,,,,,,,,,,,,,,,,,,,,,,,,,,,,,,,,,,,,,,,,,,,,,,,,,,,,,,,,,,,,,,,
sonic,146,complete,60,12,48.0277,4.40083,0.344303,0.419221,509.784,113.514,91.7308,36.5297,2.22573,39.847,24.9685,15.6277,15.3363,2.13609,720.284,166.841,170.914,44.9999,2.40542,52.6368,33.3679,17.6365,18.6174,2.70699,388.33,113.574,84.0982,38.8803,1.42749,38.372,21.7201,12.3511,12.2861,1.66955,730.514,215.662,87.5163,29.2225,2.2664,55.8414,42.7403,17.2623,22.0091,2.78225,1257.45,379.23,155.231,50.3187,2.0674,85.1335,61.6111,24.7521,30.8154,3.86225,1218.17,470.349,193.193,66.2279,1.70266,86.0553,67.7957,26.5117,39.4938,4.80882,2383.6,580.021,445.035,127.05,3.71223,138.37,105.259,40.3067,51.5426,7.28614,1006.81,275.462,151.522,57.3217,2.34426,62.6957,46.324,19.2446,26.0898,4.93406,974.221,381.085,130.67,69.3209,2.73103,69.2881,56.2976,17.6389,26.2674,4.26628,1095.56,466.701,176.28,66.5365,2.22587,76.9209,66.9694,18.8405,32.9339,5.10043,1869.37,354.921,297.835,211.11,4.61978,119.494,79.5665,36.2244,52.9752,8.2687,533.387,122.107,60.6925,45.3419,1.81021,35.7993,23.1456,11.5215,14.9263,2.4924
sonic,147,fell,25.78,6,75.3832,31.5767,1.24407,1.2422,506.964,94.7432,63.1115,42.7523,1.22536,34.1087,23.6149,11.2079,14.8689,1.77879,477.11,101.619,115.318,38.3305,1.66814,38.7124,24.3182,13.757,13.8707,1.68793,767.402,143.165,95.5087,50.7987,1.9885,41.3039,28.8378,13.9492,16.0618,2.07109,2149.81,439.12,345.011,166.035,3.15675,121.961,92.6046,36.6539,38.6596,6.12303,1185.94,396.846,164.912,45.9207,2.45621,81.7132,74.4017,22.4719,23.3654,3.44547,359.022,103.683,81.3624,55.1125,14.8198,20.6495,16.3621,7.60154,23.4833,5.59339,,,,,,,,,,,,,,,,,,,,,,,,,,,,,,,,,,,,,,,,,,,,,,,,,,,,,,,,,,,,
sonic,148,fell,13.66,3,42.2204,29.0975,3.39038,3.54012,478.697,113.669,101.724,62.569,3.02107,38.7929,22.5415,12.6585,16.9779,2.71062,458.552,127.042,57.1029,26.2644,1.27493,30.4562,19.7902,11.316,14.2501,1.79698,680.941,218.74,129.531,30.1127,1.99852,45.0776,28.6376,14.9189,16.9183,2.52902,,,,,,,,,,,,,,,,,,,,,,,,,,,,,,,,,,,,,,,,,,,,,,,,,,,,,,,,,,,,,,,,,,,,,,,,,,,,,,,,,,,,,,,,,,
sonic,149,fell,40.66,9,83.0018,22.1915,1.32966,3.09022,628.302,195.442,138.517,78.0247,2.53204,52.9424,33.5034,18.0684,23.9112,3.48643,489.893,108.012,81.904,33.9312,1.50479,40.3404,25.6402,14.3444,12.4046,2.21589,685.25,109.184,160.385,59.8431,2.33891,43.6669,25.7112,15.7558,13.4962,2.83146,1329.87,281.685,534.137,125.838,2.2768,79.4149,51.3604,33.5978,24.8031,3.58056,687.602,318.258,194.572,64.5082,1.34094,58.1629,48.7029,24.6424,18.3578,3.16689,1275.53,280.392,316.208,76.9957,2.69808,97.4947,55.8155,33.5516,27.6989,4.06818,1159.8,568.609,356.855,91.2875,3.00656,90.1971,82.7791,30.7762,30.676,5.67088,2180.51,637.063,576.555,178.984,9.91267,129.929,107.681,52.252,54.3853,12.4159,816.81,192.429,290.982,193.95,4.8413,44.5531,31.3972,20.9429,35.113,6.49095,,,,,,,,,,,,,,,,,,,,,,,,,,,,,,
sonic,150,fell,26.04,6,54.6438,8.61168,0.712132,0.80002,287.31,57.3173,42.8916,26.552,2.08288,20.3372,14.2239,6.59027,8.68605,1.70709,1183.53,247.485,176.869,93.8119,2.28173,91.0082,55.4831,29.7448,31.064,3.85339,600.038,171.521,121.316,82.5551,2.07056,43.9862,28.0317,15.7793,15.2942,2.6419,479.262,102.721,89.7711,36.6864,2.67366,39.4799,28.1035,15.2945,12.3237,2.66668,797.91,166.792,189.23,64.0813,2.06763,52.0433,30.9274,18.1321,16.1894,3.31858,419.803,69.5304,99.5978,24.5639,16.5205,28.8436,15.3598,9.37436,14.7357,14.8768,,,,,,,,,,,,,,,,,,,,,,,,,,,,,,,,,,,,,,,,,,,,,,,,,,,,,,,,,,,,
sonic,151,fell,30.88,7,40.1174,21.923,2.39637,3.83439,399.465,126.929,49.3007,57.3937,1.44085,28.3972,18.7696,9.55639,13.6542,2.32841,489.179,99.8493,78.6014,40.8175,1.77528,29.3369,18.2865,11.5436,14.0819,2.11483,594.452,160.34,124.552,59.6772,1.36018,46.1207,32.6356,15.8959,17.0171,2.63996,1353.91,369.014,298.862,104.959,2.54477,88.6824,57.8333,31.8227,25.5809,4.0182,1178.15,334.416,193.107,94.9234,1.42905,66.296,45.4787,22.954,21.6355,2.38267,787.244,228.394,244.071,67.7067,1.96665,61.7663,41.1477,23.0846,21.4087,3.1318,1908.71,217.977,377.228,83.4036,2.16978,83.9827,40.093,25.9031,22.6023,3.59655,,,,,,,,,,,,,,,,,,,,,,,,,,,,,,,,,,,,,,,,,,,,,,,,,,
sonic,152,fell,30.94,7,89.6879,25.4818,2.484,4.53572,902.104,168.702,170.602,114.603,3.3299,62.9263,43.9823,23.1155,28.5159,3.86966,420.813,123.603,65.3865,42.3175,1.26623,30.0263,18.0496,9.63928,13.0909,1.62068,630.661,118.515,89.051,41.0143,1.73276,40.7015,25.3689,14.8086,16.6485,2.94084,1149.14,232.129,337.113,95.5807,2.03578,82.2076,49.1045,30.5133,27.2251,4.3697,2608.44,428.289,702.664,236.106,7.68626,150.51,100.528,54.9269,52.9601,13.5864,793.688,163.302,400.891,98.7547,1.94706,52.7831,33.3564,24.4683,20.4086,4.05174,478.254,191.495,85.3884,13.8932,0.463341,30.7653,24.1617,13.4393,11.198,2.58806,,,,,,,,,,,,,,,,,,,,,,,,,,,,,,,,,,,,,,,,,,,,,,,,,,
sonic,153,fell,47,10,25.498,12.0541,1.65038,3.58429,344.896,82.4412,36.6856,20.4255,2.3078,24.1995,15.6726,8.52788,9.94963,1.63085,794.409,227.394,235.797,71.9581,2.36521,61.3228,44.9278,22.7797,27.0883,4.85457,691.882,244.385,121.022,36.6463,2.57054,48.3132,40.5167,16.7571,19.7681,2.82464,2110.64,490.341,471.441,109.06,3.07323,127.145,95.5374,44.3968,44.2084,6.05492,954.212,341.87,194.521,47.698,1.76062,61.2835,48.4533,21.1721,24.2895,3.16683,451.268,83.9702,64.8785,24.2973,2.40774,26.3819,16.6151,9.59666,12.3613,2.1371,686.04,191.41,137.819,35.9536,1.46292,42.6368,36.0192,14.5107,21.9114,3.11459,635.204,152.38,143.261,33.7802,2.5312,46.6534,34.3615,15.8704,19.9312,3.44321,1456.61,272.95,458.015,80.2887,3.20333,93.8206,64.7377,37.6989,38.5532,7.74171,852.165,150.724,147.866,22.0273,1.28837,50.7496,31.9252,17.9694,16.3855,4.14548,,,,,,,,,,,,,,,,,,,,
sonic,154,fell,53.7,11,78.2878,16.218,2.37448,4.09025,181.696,55.751,33.0004,18.4895,1.34853,15.3841,10.9337,6.27454,8.51272,1.42928,239.94,65.9594,23.2721,20.8649,2.25334,17.116,9.1267,5.51974,6.39083,1.04142,442.146,127.201,39.5592,29.5128,1.66081,29.0356,19.9812,9.20843,10.1771,1.35765,530.599,187.811,73.6006,31.1325,2.25404,37.3288,27.539,13.5413,12.2364,1.7296,1411.32,357.054,179.445,66.9626,2.31701,91.9436,76.411,26.7236,26.623,3.47195,1355.23,313.48,210.5,66.4347,1.97099,83.46,55.2791,27.7353,25.8612,3.38127,2389.69,503.082,360.962,163.621,3.32779,148.075,98.9159,45.2472,47.4959,5.91512,1657.96,402.262,253.989,95.49,2.08714,94.6394,77.9692,32.2634,35.7913,3.4937,1403.75,376.958,184.703,64.9814,1.72697,92.3407,62.9226,27.4984,29.5218,3.89326,1339.51,527.534,296.821,170.078,3.37894,82.7117,75.9597,28.7047,40.4358,5.86546,1647.62,558.12,397.358,59.7767,2.73265,110.631,87.9976,37.8458,38.4713,8.40975,,,,,,,,,,
sonic,155,fell,27.72,6,55.9407,4.66587,1.81207,3.52202,540.074,124.145,94.4337,39.9617,2.62464,44.6236,32.5965,15.3014,18.272,2.56523,781.711,157.537,143.307,61.8892,1.93131,55.5266,37.7601,18.1152,21.7561,3.37589,512.547,135.134,79.8336,40.2709,1.76755,33.6824,25.6465,10.6851,13.1102,1.66798,316.053,98.5278,31.5829,23.4518,0.774779,27.1902,15.9782,9.79835,10.8218,1.43235,262.6,40.0643,24.2089,19.583,1.8182,18.6764,10.3325,6.68065,7.47587,1.19328,3384.95,277.508,1177.07,135.531,5.13678,149.966,81.4574,62.5995,54.2271,9.57667,,,,,,,,,,,,,,,,,,,,,,,,,,,,,,,,,,,,,,,,,,,,,,,,,,,,,,,,,,,,
sonic,156,fell,31.54,7,12.8413,6.72793,0.30614,0.0581552,215.274,64.2267,24.1475,28.878,1.79664,18.2774,15.0642,6.77613,8.72975,1.50181,292.342,69.8497,79.2428,54.0891,1.91782,23.2954,15.0778,8.75186,12.0649,2.20355,805.804,149.676,141.852,49.1221,2.45132,55.131,33.6859,19.5425,22.8774,3.69182,1030.13,333.609,162.258,69.2319,2.06934,69.0095,53.2667,23.6336,26.0815,5.34364,873.561,142.707,122.809,67.0693,1.60859,60.9838,37.6881,19.4745,19.0883,3.74296,557.431,118.349,83.0523,49.3901,0.897783,41.0833,23.4295,13.6909,12.6436,1.92051,1248.1,72.9168,400.624,118.775,11.4794,77.9299,29.4762,34.2447,36.4129,16.6681,,,,,,,,,,,,,,,,,,,,,,,,,,,,,,,,,,,,,,,,,,,,,,,,,,
sonic,157,fell,32.6,7,34.2524,19.6528,3.16222,3.74211,327.689,99.4695,39.5839,20.6378,2.03565,29.9524,21.0754,9.39601,10.0164,1.75429,380.82,82.5021,41.1872,30.6614,2.11685,27.75,16.579,9.69447,10.4028,1.7884,661.228,178.565,134.872,122.614,5.74736,48.8151,33.6117,16.8206,23.6263,4.96054,562.444,101.057,115.481,39.922,2.39916,34.0932,21.3547,11.6832,13.7476,2.44706,1066,345.862,209.06,55.1927,1.4419,75.577,56.7157,23.9219,21.0775,4.99897,1160.62,360.276,229.023,80.1364,2.42109,74.7322,59.4562,23.8631,21.5118,3.99465,1290.85,319.043,378.338,45.2996,2.23322,75.0251,56.7221,29.9739,24.1283,5.82597,,,,,,,,,,,,,,,,,,,,,,,,,,,,,,,,,,,,,,,,,,,,,,,,,,
sonic,158,fell,55.94,12,79.2678,19.0735,0.784036,0.190054,439.442,82.2165,70.966,44.923,2.57333,31.5661,19.6361,10.5652,14.192,2.13025,956.044,227.247,282.947,90.1679,1.64466,71.0149,40.3757,28.0924,33.2326,3.4669,325.968,64.2062,38.0765,56.6171,2.01514,25.1087,15.3793,9.4519,11.5154,2.52418,785.59,216.526,110.218,36.8706,2.49526,53.2031,40.8191,16.7601,13.858,3.04294,800.22,246.666,229.697,87.0709,2.27763,62.8113,38.9261,23.1968,20.4935,3.38269,247.457,74.8654,69.2803,34.9264,1.51425,29.4678,16.3092,10.7231,9.13643,1.45043,814.568,207.388,174.94,112.095,16.6188,62.8502,38.1201,22.224,23.3645,9.34874,1970.73,414.139,670.271,204.988,3.21951,140.134,80.3453,57.5535,46.4062,6.76674,646.381,210.199,130.871,34.2255,1.15604,47.3602,27.1712,17.4505,13.2033,2.42519,1096.22,312.169,208.664,85.6958,1.41103,85.0014,58.4383,29.3028,29.9764,3.84329,3655.48,568.786,972.545,219.125,2.82369,204.519,135.127,75.0872,60.9964,7.35855,2376.97,209.968,470.73,178.511,8.78564,85.4737,45.8017,31.2248,48.6503,16.6541
sonic,159,fell,15.96,4,52.1623,27.82,3.06883,2.77014,570.003,96.2164,66.4945,38.258,1.92524,34.6218,23.6264,11.7527,15.9929,1.97807,705.557,141.167,97.6249,59.5805,1.7148,51.0502,32.0545,18.2031,25.5173,2.8416,373.627,89.7553,61.1223,24.3932,2.06305,25.7352,14.8954,9.21094,11.2809,1.52711,2681.64,155.726,968.808,214.411,17.5034,106.847,34.6686,49.1876,60.4808,18.8053,,,,,,,,,,,,,,,,,,,,,,,,,,,,,,,,,,,,,,,,,,,,,,,,,,,,,,,,,,,,,,,,,,,,,,,,,,,,,,,,
sonic,160,complete,60,12,18.2624,5.52202,0.0850454,0.0375798,230.218,53.5369,38.9847,42.5901,1.88955,18.9318,13.0303,6.46219,8.50195,1.6502,673.16,217.125,141.452,100.755,2.14472,59.4367,39.8255,19.3547,21.9414,3.20514,812.034,207.145,135.439,74.7603,2.39553,57.4433,31.2888,19.6538,18.922,2.26619,394.721,99.8127,54.3338,29.4075,1.04235,28.4495,23.2797,10.5212,9.70666,1.35724,381.045,72.4108,68.2616,34.7899,1.36038,27.6546,17.092,9.04723,10.6444,1.43996,238.404,64.4058,28.6344,17.2316,1.7035,19.2052,10.6537,7.03507,8.39434,1.29377,1827.11,372.759,520.45,102.256,3.52901,107.213,71.9073,40.0929,39.5199,5.4967,500.582,103.275,84.4511,53.3482,1.81002,34.7463,19.6408,11.9728,14.7579,1.96947,569.225,140.627,73.6328,50.7055,1.59349,49.7517,30.1232,17.0198,18.6179,2.22572,427.591,181.094,68.0586,44.6049,3.34249,32.2954,26.5924,10.747,14.0005,2.11225,371.157,71.5271,89.2964,55.9258,2.07387,23.3221,12.8162,9.58459,12.4762,1.59864,1109.9,237.145,177.535,58.9027,2.19564,67.3824,42.5325,22.2208,21.7318,3.97104
sonic,161,complete,60,12,16.3258,5.8958,0.478644,0.39012,403.31,97.9301,63.8364,20.7355,1.89586,27.5032,19.3931,9.30626,11.1995,1.71254,1086.75,191.666,196.501,142.621,4.51585,73.8721,47.7538,25.1835,31.5852,5.46377,706.607,171.605,137.454,78.7966,2.37406,50.3347,35.6962,19.9639,22.2845,4.73801,710.312,205.081,190.421,89.8654,2.45226,66.2495,39.4133,26.1563,24.9521,4.0156,413.177,131.504,90.0016,34.4289,2.85649,33.7274,20.1877,12.2016,11.4455,1.75761,716.904,162.217,168.528,113.037,3.34443,53.4033,34.7534,18.9856,25.3361,4.08425,725.834,116.512,127.187,42.4511,2.10216,53.8864,32.7303,17.4893,19.5646,2.2775,537.686,127.343,87.21,40.2829,1.89346,33.5586,22.598,11.3512,16.9925,2.27886,638.503,156.858,106.421,31.1242,2.33557,41.3498,28.5027,13.4105,17.9618,2.82248,487.999,92.4818,89.9475,33.9683,3.14363,33.4314,19.9712,12.6958,13.8815,2.86546,710.394,257.009,193.169,172.862,4.49465,54.1896,39.6531,21.5451,34.5398,6.35015,623.196,266.248,103.441,34.4408,2.67871,51.3386,33.4008,15.8113,15.1261,2.84109
sonic,162,fell,15.1,4,115.144,44.1803,3.39583,3.54883,983.167,300.542,152.775,37.7828,2.81381,68.8467,54.7456,20.037,20.4293,3.76448,1658.7,430.5,308.802,97.04,3.93097,114.206,85.7041,36.5215,38.3598,8.08262,1649.58,482.55,299.013,56.3755,2.7757,97.212,78.9438,34.5248,30.7539,5.05918,133.473,20.9678,19.1422,3.66914,0.112248,8.00278,5.30911,3.98152,3.86544,0.923252,,,,,,,,,,,,,,,,,,,,,,,,,,,,,,,,,,,,,,,,,,,,,,,,,,,,,,,,,,,,,,,,,,,,,,,,,,,,,,,,
sonic,163,fell,41.76,9,40.9488,9.25388,0.277969,0.829764,287.266,55.6332,27.6347,26.5994,1.41673,22.7719,14.2036,7.67405,9.43079,1.50783,787.872,120.499,132.094,65.947,2.15626,56.5535,32.9025,18.3862,21.0524,2.9044,689.472,237.49,119.821,63.7839,1.97273,52.283,35.6626,16.8205,20.7339,2.69898,1517.04,224.004,392.516,108.901,2.84618,106.193,66.3743,39.6685,44.4639,5.60475,1200.67,347.927,337.052,170.113,3.19164,94.9926,68.3338,35.2584,51.1383,6.10227,930.926,209.805,158.156,36.2184,1.91359,71.5903,46.357,21.7029,25.3408,3.53336,446.683,211.658,97.0233,47.3591,1.20127,43.9555,32.4403,15.5804,19.614,2.76758,496.206,233.676,86.2278,30.6177,1.66068,43.1796,31.5667,13.8342,17.4513,2.76649,1932.24,316.758,628.089,157.332,5.38056,102.327,54.8557,43.0845,64.5695,13.0527,,,,,,,,,,,,,,,,,,,,,,,,,,,,,,
sonic,164,fell,33.64,7,75.0703,4.19183,0.474589,0.43835,286.536,101.215,38.3988,19.2029,1.74513,20.9024,16.9244,7.24176,8.8224,1.46125,213.711,47.2921,33.206,22.3047,2.00777,20.4446,10.8743,7.69105,6.04929,1.13857,1045.96,303.163,251.243,139.839,1.69651,69.9416,49.3258,24.6091,24.7151,3.82112,2082.32,374.313,356.522,99.9732,2.52226,124.747,96.1782,40.9834,31.3691,5.21611,817.917,214.108,138.262,47.0125,1.95663,61.5713,45.1722,21.6065,16.9311,3.73191,1112.92,322.162,210.016,120.604,4.90336,62.2726,58.387,21.3908,20.502,5.70457,3456.15,572.839,674.906,207.401,11.0526,171.432,124.502,53.3942,67.8363,16.4374,,,,,,,,,,,,,,,,,,,,,,,,,,,,,,,,,,,,,,,,,,,,,,,,,,
sonic,165,complete,60,12,10.0452,4.17659,0.114793,0.0501337,395.558,69.7109,40.2154,21.4299,2.21029,25.942,17.203,7.91491,10.7292,1.76393,153.648,29.281,16.6986,9.73299,1.74848,15.9311,7.475,5.4837,7.06528,1.19434,475.749,105.708,69.3392,45.703,1.68906,27.8407,16.5179,9.89827,15.8075,1.92154,794.385,144.911,212.436,52.3504,2.28363,44.8618,31.7139,14.9255,18.9572,2.4048,706.301,127.717,393.875,118.888,3.56878,51.7879,28.6519,27.0185,30.8971,4.62651,429.839,81.3851,85.9709,67.6497,2.59146,29.7575,16.7256,9.83659,17.5183,2.64366,642.888,154.004,92.5209,38.0499,3.00241,47.1964,30.3813,14.7193,18.5786,2.39809,705.778,169.13,129.406,53.3884,1.52846,43.1916,25.9055,15.2985,18.2182,2.61048,509.047,105.256,38.2831,27.191,1.39289,30.0582,19.9163,9.98161,12.0575,1.62608,632.065,159.493,109.536,65.3281,2.30615,56.5218,37.995,19.3975,22.3042,2.42232,156.952,33.2014,25.8529,28.5858,1.20205,19.3008,12.9222,7.50042,8.18797,1.11874,2167.15,453.642,510.865,262.468,5.30931,129.797,80.4787,48.371,61.6121,8.81173
sonic,166,fell,55.92,12,26.1847,7.62019,0.77681,0.817594,211.1,49.4037,27.4416,22.6885,2.17624,17.7946,11.339,5.96685,8.20919,1.38749,402.556,107.3,55.7609,30.4908,2.42387,29.7822,20.1853,10.6184,12.8327,2.0352,411.251,75.5203,44.7926,35.4941,1.85046,27.546,15.5099,9.09882,12.9277,2.27402,1042.97,248.868,153.308,42.1738,1.28479,64.8701,49.3241,23.3759,26.9769,3.65514,400.184,102.528,87.3517,29.606,2.04398,31.478,19.9121,11.0465,12.0703,1.89376,236.707,51.7726,41.0271,18.5918,1.48404,18.1086,9.84285,6.48016,6.82659,1.01051,763.156,128.992,173.426,86.6739,2.42081,44.3602,28.3903,18.7655,23.7203,4.13408,1510.53,319.39,406.756,78.9236,4.64409,90.498,59.9055,33.2111,36.3688,7.16436,754.267,219.22,229.09,56.0273,2.3499,53.2141,39.1828,21.2389,23.477,3.54227,504.847,207.68,89.6339,29.6971,1.1957,36.5014,27.4957,12.977,12.4385,1.73304,541.637,179.755,98.5642,35.0346,2.15578,32.7289,25.8666,11.0781,11.7882,1.78781,1565.99,176.265,371.828,172.832,9.84728,65.3941,32.6485,23.6118,37.8475,10.992
sonic,167,fell,30.56,7,24.99,18.4646,1.02191,3.37517,312.321,88.6676,27.7169,14.6144,1.9422,20.2304,14.4777,7.05115,9.70006,1.80497,250.151,71.4072,43.9151,24.3389,1.90195,24.5101,11.4423,8.70967,10.991,1.79705,327.335,86.0312,30.4548,20.6122,2.30031,20.3459,11.6843,7.21891,8.32726,1.44935,452.562,135.296,86.4883,35.1494,2.44684,27.3889,18.9241,10.2819,12.2837,2.14038,784.695,223.656,125.898,53.8264,1.98776,53.8112,36.2966,16.3075,17.1728,3.4349,635.244,138.448,99.1969,39.5789,1.77775,49.8333,32.0047,17.3796,15.4318,2.87855,1443.02,283.825,355.433,103.091,2.54436,67.4378,36.9955,28.188,33.3213,4.72438,,,,,,,,,,,,,,,,,,,,,,,,,,,,,,,,,,,,,,,,,,,,,,,,,,
sonic,168,fell,40.9,9,94.7677,18.8387,0.461333,2.56801,238.196,65.3271,19.231,15.6621,2.01466,20.6587,14.0669,6.81497,9.05048,1.48004,754.368,210.371,173.795,75.3655,3.04012,64.6326,44.7156,22.3883,25.8247,5.19083,384.056,98.3391,75.9579,80.643,4.10979,25.5772,16.1007,8.69418,12.3758,3.39894,572.768,275.585,96.0852,38.3431,1.77601,46.0887,38.0259,15.9566,14.9882,2.2549,1019.1,402.673,223.916,106.662,2.16617,74.1146,64.3382,25.1683,24.6188,3.46261,1545.29,383.872,264.131,73.5699,1.25743,100.811,71.0507,33.0141,27.13,4.52167,887.169,212.294,153.97,60.8513,2.28731,64.2715,47.7735,19.7584,16.7494,3.78246,2569.76,761.941,586.1,221.446,3.3469,145.064,124.297,52.2457,48.7706,8.67709,731.746,175.095,276.601,81.3534,2.26011,53.1146,33.5345,22.1624,29.878,5.33683,,,,,,,,,,,,,,,,,,,,,,,,,,,,,,
sonic,169,fell,25.1,6,55.2226,27.6004,1.39676,2.68685,480.663,117.929,78.7703,60.1588,2.52191,33.7569,23.1868,11.8976,18.0873,3.11825,586.451,121.794,120.332,153.976,3.60565,46.3791,23.5152,15.6165,27.7909,4.4296,313.859,91.343,48.5761,37.3105,1.11481,27.6929,16.9931,10.7372,12.7538,1.71386,451.409,98.3081,47.5296,37.3222,1.84118,26.9853,16.1936,9.47682,11.8826,2.1372,1496.7,272.615,336.209,59.6824,2.63622,91.396,61.2953,29.9929,29.5823,4.54964,321.583,12.1801,110.395,11.4924,0.831141,11.4602,5.82802,3.40595,3.94845,0.926774,,,,,,,,,,,,,,,,,,,,,,,,,,,,,,,,,,,,,,,,,,,,,,,,,,,,,,,,,,,,
sonic,170,fell,35.28,8,92.7211,15.6289,2.37985,3.65942,183.238,61.4301,13.5526,15.1936,2.63403,13.3921,11.1281,4.85776,6.27625,1.23988,1181.9,342.214,273.839,64.6828,1.1303,76.7671,59.458,34.0894,33.0374,2.76833,1105.15,356.769,302.49,80.1754,1.63522,77.7361,51.667,30.961,25.4122,2.69718,1149.59,296.315,296.065,117.918,1.38242,89.4748,55.8674,33.067,32.5764,3.33211,1194.01,276.191,192.78,89.4936,1.77705,74.8391,54.0413,25.9902,25.6357,3.11709,1062.02,295.056,160.641,89.9427,3.3487,80.0739,53.8204,24.3578,26.6431,3.19777,2848.79,411.931,664.246,242.325,3.39092,155.238,92.3845,55.901,59.2788,6.52161,972.736,130.335,303.933,44.2742,0.366757,43.5925,19.475,18.8326,14.3468,1.41772,,,,,,,,,,,,,,,,,,,,,,,,,,,,,,,,,,,,,,,,
sonic,171,fell,39.2,8,35.2443,9.6234,2.87868,3.0539,503.139,122.177,53.8838,20.7276,2.38202,34.4903,24.952,10.9461,13.5994,2.15671,357.198,88.1638,63.9858,31.8616,1.82078,24.9157,15.6948,7.69962,10.5465,1.6987,737.989,180.935,83.7348,37.2135,2.18443,40.4181,30.2733,13.1837,18.038,2.55405,488.794,99.5391,69.2674,48.0515,1.73003,29.1589,17.4709,9.81503,17.4643,2.25287,518.503,139.304,163.425,67.9249,2.5048,44.1587,28.1125,16.313,26.078,2.87312,458.104,125.046,74.3349,30.6953,2.33106,39.9943,27.5172,13.3761,18.4466,2.4829,591.063,243.319,102.911,43.408,1.61599,46.5472,29.1409,18.2851,18.7592,2.792,1558.75,247.736,374.11,144.825,5.89262,96.2711,60.6283,37.749,43.3209,8.00511,,,,,,,,,,,,,,,,,,,,,,,,,,,,,,,,,,,,,,,,
sonic,172,fell,34.94,7,107.705,7.62673,0.436723,0.557607,308.255,66.864,53.3015,30.8455,1.63901,27.3735,16.4886,9.31034,10.0697,1.67751,277.009,72.7739,54.5104,19.0343,2.46482,25.7643,15.678,10.3155,9.93413,1.82402,713.774,186.513,141.272,84.4739,2.74391,58.5442,36.0004,19.7076,22.6086,3.04882,883.599,208.133,142.231,44.6573,2.04822,63.1964,47.9066,19.0791,19.8198,2.27529,1244.37,268.065,219.897,49.5047,1.67443,84.5223,53.1275,27.1043,24.6979,3.24331,570.401,155.502,95.9736,41.7635,1.36489,44.9107,32.1628,15.8766,14.7316,2.14226,4287.21,1150.98,1569.11,198.793,6.46234,262.822,182.003,93.8145,82.609,18.1344,,,,,,,,,,,,,,,,,,,,,,,,,,,,,,,,,,,,,,,,,,,,,,,,,,
sonic,173,fell,45.58,10,88.1069,24.184,2.77303,3.8733,342.348,88.6496,68.1266,94.4661,2.22863,27.8564,17.8485,10.7631,16.1602,2.38477,233.911,97.4952,53.9607,49.1856,1.59944,24.9452,17.5724,8.74348,9.68731,1.57699,521.867,229.494,143.278,43.232,1.61606,46.59,39.8852,17.8655,13.3928,2.18493,1402.07,305.337,225.48,66.9194,2.25072,90.9269,64.8806,30.3278,22.3014,4.60617,510.19,212.182,87.6961,43.7094,1.48104,40.6111,35.032,14.5849,13.2736,2.11251,891.554,357.68,126.194,58.9861,2.64325,60.6224,52.0143,19.6451,25.8266,3.2472,1764.46,423.718,309.428,119.14,2.1092,106.645,84.3518,32.9061,34.9304,4.07736,2329.57,609.695,463.995,139.8,2.23708,142.467,118.792,46.1089,51.1973,4.35883,2142.29,447.847,424.809,227.655,3.2946,131.034,101.888,44.1741,59.3696,6.59664,559.723,94.5029,137.12,119.518,0.905199,23.7604,14.3134,8.45489,16.4208,1.73117,,,,,,,,,,,,,,,,,,,,
sonic,174,fell,26.28,6,70.223,20.3101,1.34576,2.51762,556.79,111.931,64.432,28.7841,1.91088,33.4838,22.0457,11.1917,15.4236,1.70566,1249.99,325.403,375.504,76.5263,2.357,75.9467,53.7331,29.9091,38.5684,4.86553,406.266,62.4424,43.6116,26.8712,2.1826,22.0409,11.3074,7.96544,10.7955,1.54881,463.434,195.425,71.19,36.6282,1.87486,37.9656,27.062,10.1247,16.0833,2.81647,1803.4,317.111,452.74,166.13,6.17285,102.868,72.9833,32.9856,53.6874,10.6569,1769.82,144.383,546.505,120.445,2.81707,95.7798,33.9833,40.0115,61.7843,10.2548,,,,,,,,,,,,,,,,,,,,,,,,,,,,,,,,,,,,,,,,,,,,,,,,,,,,,,,,,,,,
sonic,175,complete,60,12,27.9349,6.43508,0.0602029,0.0324385,411.964,77.6241,50.1302,23.5879,1.48587,30.4853,18.6465,10.0666,11.2768,1.51652,726.068,142.387,130.539,39.7561,2.37119,43.3823,30.0395,15.5875,17.8207,2.44814,309.598,85.2407,92.1828,25.4006,1.80204,24.1982,14.2515,9.79959,13.1591,1.44334,467.042,213.704,87.7585,27.2621,1.59043,46.3438,34.072,15.9397,20.055,1.79492,399.614,77.9688,53.3264,25.2859,1.73165,26.9641,17.3289,8.54004,13.2324,1.6427,693.944,197.395,49.3081,29.1301,1.59756,42.6432,34.7041,10.0515,16.6111,1.97069,1437.08,353.548,186.522,66.6345,2.0525,89.2142,74.1469,23.1559,40.0806,4.5508,625.931,223.606,137.778,46.6148,2.18664,49.6252,37.5223,13.675,21.6695,2.75119,488.066,105.863,135.361,39.1359,2.14195,42.6521,22.7191,14.4122,19.6124,2.84079,539.968,309.333,134.744,41.4565,2.55662,50.6902,38.2247,15.0599,20.4714,2.74134,470.131,147.002,59.8234,29,1.41739,40.8616,25.2598,10.569,15.9198,2.45038,398.387,178.907,71.4677,26.4947,1.77845,33.4337,25.0126,10.8871,14.3299,2.56858
sonic,176,fell,43.22,9,61.2833,11.7256,3.29971,3.65016,520.236,129.623,75.8692,24.2593,2.23472,42.5789,28.6558,14.6358,15.1724,2.11405,579.851,139.201,78.089,53.5016,2.49132,42.8449,28.2365,14.1523,17.4015,2.51481,412.997,102.801,67.5888,33.9003,1.37672,32.563,18.7365,11.3639,12.3889,1.82386,280.426,64.6846,17.9908,18.5482,1.52754,17.338,12.2659,6.19443,6.75111,1.22546,515.492,104.445,109.233,57.8544,1.01212,39.8894,26.121,13.4425,15.5273,2.1412,550.272,154.264,94.2333,48.1916,1.21078,38.9156,26.4651,13.9487,12.8426,2.00182,460.299,85.5495,83.5153,51.3397,2.41569,37.3576,19.7997,12.2303,13.7332,2.0222,1924.36,396.226,353.955,125.985,3.23471,114.476,81.9797,36.4623,32.8022,6.85944,1300.08,586.515,408.243,63.6253,1.80772,93.3745,79.4147,31.961,28.4169,5.30156,,,,,,,,,,,,,,,,,,,,,,,,,,,,,,
sonic,177,complete,60,12,91.9758,5.46085,0.401636,0.37498,547.625,163.193,105.376,44.5655,3.53951,45.8218,30.8318,15.2198,17.4207,2.53387,284.908,108.798,45.3876,61.8508,2.31119,30.1875,16.6668,10.5227,12.9462,3.25146,1313.83,309.248,256.847,125.949,3.77326,87.0609,59.8592,32.7889,35.5465,6.38558,995.784,310.766,177.547,83.0791,2.40282,75.1784,56.6757,24.5057,21.5084,3.12744,444.345,152.828,84.4084,55.2508,1.21432,36.3306,22.4974,11.0448,12.0251,1.6526,405.877,125.307,110.652,120.3,2.32002,36.4817,21.7938,13.1587,14.8976,2.94263,860.369,324.023,196.142,74.3934,2.45836,64.9193,46.5871,23.7145,20.3328,2.51099,1497.5,493.195,553.575,228.895,2.69644,114.352,85.7897,46.1394,53.0761,6.27382,1313.51,420.559,232.986,119.154,3.46091,90.5618,71.6565,31.0259,34.8567,5.68749,766.847,303.933,147.29,92.1271,2.19773,58.5319,46.4322,20.0701,22.721,4.21736,2987.09,688.874,811.309,356.884,14.2235,163.525,121.532,58.582,66.2701,15.2497,1002.89,326.644,256.622,112.254,2.28914,71.0087,50.5882,25.4462,27.736,4.8
sonic,178,fell,21.42,5,44.8086,11.361,3.09532,3.45657,563.151,132.824,86.0978,41.4396,1.97534,43.7761,28.9584,14.1291,15.6951,2.09673,225.686,64.9772,26.0642,26.8364,1.80404,21.7806,11.9779,7.73202,10.3451,1.54785,415.047,100.295,46.8141,22.5893,2.05577,27.4215,15.9558,9.04254,9.91353,1.49217,578.094,131.021,95.4511,38.6378,3.72891,39.6282,26.4146,13.0565,16.4874,2.39585,3021.11,269.738,1041.91,300.061,4.55775,141.054,69.2439,59.3055,71.6286,8.58596,,,,,,,,,,,,,,,,,,,,,,,,,,,,,,,,,,,,,,,,,,,,,,,,,,,,,,,,,,,,,,,,,,,,,,
sonic,179,complete,60,12,36.989,7.48012,0.10809,0.0388861,382.664,88.4963,50.0939,27.3243,2.38748,28.4488,17.6042,9.36833,12.0703,1.51129,428.32,97.8017,51.1769,34.0165,1.96304,28.1079,15.8781,10.2928,15.8782,2.61732,2709.11,289.951,1066.77,187.025,7.43585,143.284,70.5229,62.4525,72.4257,13.7048,1292.18,202.073,320.641,175.375,20.8232,75.7001,41.0676,26.6161,39.4608,9.55027,345.717,79.0734,78.9707,53.6237,5.3349,25.782,13.1888,11.0534,22.1273,4.62249,376.8,83.7323,35.2928,27.9098,1.38491,29.8406,17.0264,9.81423,12.2453,1.4094,1783.48,335.447,443.792,178.185,2.85434,116.082,73.9105,42.8727,55.6419,5.73847,1004.32,174.452,163.876,76.5877,1.87732,61.1913,40.1185,21.2315,25.9232,3.2119,436.67,119.62,64.6851,35.108,2.1862,30.652,18.0099,11.3938,13.9293,2.05346,1004.16,323.696,203.223,175.965,5.18108,72.3637,44.9436,22.3528,36.0603,5.83148,1151.02,207.219,257.892,83.6923,1.74197,70.5034,40.7849,24.876,32.2639,3.56283,1336.32,217.057,286.647,227.954,6.69765,80.8434,51.3387,24.6659,45.6243,7.19179
sonic,180,fell,7.54,2,56.5627,16.61,0.260635,0.467566,517.334,152.733,96.646,54.8862,2.07901,36.1755,23.7612,12.8042,16.431,2.1146,610.746,174.601,179.068,33.5673,10.2178,47.9834,32.6767,16.8939,21.8151,7.31063,,,,,,,,,,,,,,,,,,,,,,,,,,,,,,,,,,,,,,,,,,,,,,,,,,,,,,,,,,,,,,,,,,,,,,,,,,,,,,,,,,,,,,,,,,,,,,,,,,,,
sonic,181,fell,50.9,11,22.4429,19.7398,2.04827,2.53233,251.896,54.4553,40.5036,17.2413,2.38301,19.6973,11.0139,6.97441,9.40915,1.41272,306.263,89.858,36.696,19.6563,1.49674,25.9724,15.3972,8.73925,9.61834,1.94846,230.741,41.3593,36.0569,23.5493,1.7449,21.5417,11.1275,7.44954,8.2853,1.67028,487.671,134.472,66.4443,50.1854,1.52812,44.8816,25.5388,14.0131,14.6538,1.5777,777.948,269.977,182.201,163.829,2.98976,64.523,45.8309,23.4888,31.156,4.40577,411.844,136.562,49.6539,42.0519,1.85708,33.542,23.61,11.3803,12.0698,2.05588,273.045,77.5723,41.5165,35.6684,1.53414,22.8645,15.7197,7.30639,7.85663,1.3459,339.315,83.1923,46.4967,40.233,1.33695,26.2554,14.68,9.73954,10.0769,1.83257,376.707,124.792,70.1718,42.5122,2.13044,32.7507,21.1307,12.0191,12.585,2.33162,582.909,145.933,84.3663,43.9048,1.69127,40.2819,28.2285,12.7063,15.1443,2.48733,1519.25,128.754,397.841,124.781,3.93882,69.8641,32.0705,19.5981,31.8218,5.58252,,,,,,,,,,
sonic,182,complete,60,12,9.53488,3.69241,0.167088,0.127048,152.911,29.1712,16.0791,9.69746,1.54756,14.108,9.60393,5.21192,6.36302,1.19692,364.164,78.8098,37.0645,18.0597,2.44644,23.1193,13.7483,7.01879,9.66164,1.65259,616.839,206.712,139.762,128.445,2.83799,48.6715,31.3613,16.5679,24.578,4.51636,823.706,173.856,215.804,81.278,2.75116,63.4517,36.0269,22.9612,21.1994,3.5995,413.391,108.871,73.7961,93.5777,1.81875,26.976,17.656,10.9434,13.8057,2.64752,734.594,217.422,132.374,72.1212,2.99572,57.0048,38.8223,18.8906,21.9554,4.64167,561.408,175.64,60.936,40.6985,1.49143,42.5004,26.8526,12.3996,12.1223,2.90583,562.296,174.116,135.159,69.9311,2.49413,40.4011,27.6193,14.2825,15.4097,3.33109,722.571,219.495,147.806,79.4887,1.95296,55.783,38.1696,18.0159,19.4854,3.55929,498.35,171.968,109.513,70.0077,2.3406,34.8998,24.2187,13.3444,14.3825,1.81258,829.6,178.023,155.669,214.896,12.7168,62.1508,43.4529,21.8226,41.6858,11.4996,303.481,102.093,54.6466,38.2494,1.28912,27.2188,17.2892,9.9543,10.787,1.97851
sonic,183,fell,34.34,7,114.262,10.0497,0.692186,0.525714,370.626,75.1771,50.69,44.2057,1.9115,29.6801,18.577,9.75326,12.3918,2.26652,595.113,160.106,100.819,39.7061,1.32451,45.7836,30.9117,14.009,15.026,1.85885,669.374,251.506,113.738,54.3239,0.940874,49.2475,33.8724,16.9044,18.0052,2.06761,655.288,286.804,148.178,60.247,2.3657,66.8096,50.9338,21.9181,20.3064,2.45595,826.645,208.75,149.739,77.1739,2.24101,55.8367,39.7388,17.9171,23.6252,2.6385,1535.45,571.069,292.077,102.625,2.62366,96.5677,90.9179,28.9405,35.0475,4.67434,1818.11,932.45,446.563,115.22,10.5345,125.713,115.288,40.1987,51.1453,11.348,,,,,,,,,,,,,,,,,,,,,,,,,,,,,,,,,,,,,,,,,,,,,,,,,,
sonic,184,complete,60,12,24.9049,4.70113,0.100876,0.111561,76.4043,27.7388,6.8468,9.17243,1.93561,13.451,7.19462,4.62272,5.74708,1.27101,241.414,60.3962,29.2883,14.77,2.2435,22.6461,10.391,7.75767,10.1085,1.58827,326.777,68.7804,68.5956,23.8603,2.1021,26.4976,12.5537,8.93167,10.4446,1.84994,497.124,94.1439,154.088,73.8828,2.07233,30.7065,19.0387,12.9373,19.1786,2.82378,535.337,119.016,86.1789,29.1631,2.41527,34.4136,21.1887,12.7334,16.6432,2.926,1665.41,399.015,474.405,212.891,5.46572,104.448,68.0874,36.1608,59.6918,8.86302,955.454,164.521,177.685,269.235,9.97209,63.3628,38.6485,21.1759,45.6928,8.43821,747.716,200.059,133.852,54.4737,2.34164,49.9671,39.7693,15.3258,23.4332,2.72822,1253.13,285.13,310.456,91.1634,2.24227,73.8927,48.2075,25.7477,35.1904,4.20831,1156.35,269.66,295.835,199.328,4.6622,71.1195,44.7258,25.9328,44.2585,5.7947,491.008,121.818,122.588,52.9031,1.52245,38.5667,26.5516,13.1131,17.0752,2.58798,728.653,92.8555,157.553,56.7379,1.85366,53.6393,32.5943,17.5203,22.3666,2.91143
sonic,185,fell,16.24,4,219.126,34.1246,1.48474,2.45135,295.375,58.2338,27.9655,23.3233,1.57061,24.8921,14.676,8.97467,11.4468,1.75609,520.114,160.45,103.479,67.8033,1.89113,51.0454,30.2364,17.9973,19.9,2.34204,2497.94,652.951,750.353,252.446,5.04035,156.857,108.402,61.2961,68.9337,10.8647,2211.49,334.492,880.37,228.665,8.99207,110.275,52.4268,46.4397,53.115,15.3589,,,,,,,,,,,,,,,,,,,,,,,,,,,,,,,,,,,,,,,,,,,,,,,,,,,,,,,,,,,,,,,,,,,,,,,,,,,,,,,,
sonic,186,fell,16.42,4,49.1677,26.5156,1.23157,0.771293,302.901,70.4958,60.2717,54.7642,2.59709,25.9785,17.6706,8.96093,11.2256,2.07305,636.09,150.018,96.7677,29.7333,2.00077,41.9409,29.1161,13.7259,11.7588,2.49688,1357.64,363.146,222.67,72.0801,1.51002,89.5194,66.8944,25.8124,21.4789,3.85639,1500.22,245.512,365.079,153.358,19.7534,80.014,52.0812,24.1893,38.5072,18.3731,,,,,,,,,,,,,,,,,,,,,,,,,,,,,,,,,,,,,,,,,,,,,,,,,,,,,,,,,,,,,,,,,,,,,,,,,,,,,,,,
sonic,187,fell,39.12,8,35.5236,10.925,2.21993,2.70762,418.425,67.3064,76.4327,26.5589,2.38197,30.2272,18.6058,11.001,13.7947,1.99894,513.805,160.199,95.4709,28.7936,1.57352,39.5493,27.978,12.5551,16.0692,2.96279,882.646,183.922,223.556,48.877,3.21125,66.6419,47.9534,23.5006,25.9807,5.25141,294.079,52.945,51.2327,29.7448,2.24659,23.564,12.7855,8.91819,10.9658,1.83571,729.917,132.311,154.338,60.776,1.63783,57.8887,33.9024,21.0813,24.1631,3.20806,550.132,137.41,85.891,39.9293,1.88772,33.0272,20.4469,12.6981,16.6196,2.36077,534.236,163.879,87.4675,48.2884,1.85977,36.846,27.7504,11.9399,18.421,2.02037,2005.38,338.773,549.042,160.349,3.3681,112.604,64.6489,44.2138,61.7112,8.16454,,,,,,,,,,,,,,,,,,,,,,,,,,,,,,,,,,,,,,,,
sonic,188,fell,40.72,9,28.4075,13.2518,3.19244,3.46326,357.192,77.6662,43.6573,23.6542,2.23971,27.4128,17.7926,9.14115,12.7547,1.89136,403.763,75.9418,49.122,22.184,1.86604,29.6209,15.4479,11.3184,10.9995,1.68865,697.388,188.92,85.3834,28.6959,2.38041,47.2124,30.8985,15.3029,17.7238,3.03228,397.966,80.849,140.025,43.3389,2.62843,36.7194,17.3111,18.4089,19.8595,2.57765,484.869,145.981,127.371,66.1214,3.46304,39.1505,28.5343,14.2111,17.6095,3.30076,2414.33,527.671,708.941,187.565,5.55746,143.474,93.3452,55.2498,57.8115,8.09725,909.356,246.219,174.155,52.9962,2.98652,62.9953,44.9216,20.9509,24.4436,4.00656,617.637,206.694,109.173,43.6454,2.11928,43.7398,32.8822,12.3723,14.8587,3.02101,2257.92,102.029,476.929,77.2184,2.92542,93.7457,25.1335,40.862,39.1032,7.79768,,,,,,,,,,,,,,,,,,,,,,,,,,,,,,
sonic,189,complete,60,12,28.2183,4.59648,0.601998,0.670511,298.043,56.4534,26.753,23.7475,1.62462,22.5429,15.0653,7.02975,10.5533,1.35584,368.069,71.0202,71.4775,52.0396,1.22857,29.9474,15.9813,11.4172,17.815,1.97271,913.33,244.285,117.411,38.0011,2.45782,60.7662,44.19,15.3926,24.0979,3.16274,600.394,155.07,81.1391,36.0987,1.55578,37.6629,25.058,11.4677,14.5617,2.37313,605.322,161.739,90.7805,49.0718,1.84204,40.6637,24.8779,13.5382,17.2056,3.03868,464.169,71.0562,71.6385,35.5404,1.82254,32.659,18.5236,12.2962,17.0255,2.55733,496.128,116.641,60.2211,29.8663,1.55213,29.4379,18.8563,10.4062,15.8918,1.92361,519.646,107.506,76.5493,31.2536,1.68342,34.8356,21.6183,11.4042,15.5417,1.93176,840.539,222.391,118.781,58.644,2.85416,56.1338,38.9719,18.5834,25.3757,3.33182,457.939,138.713,71.1152,27.8265,1.43635,29.1168,20.1336,10.3302,13.502,2.45392,860.628,265.535,185.645,43.8194,1.97786,69.8181,54.9729,20.4809,24.7397,4.16396,1688.63,452.621,278.334,108.738,2.71143,104.434,88.0322,32.2091,40.3066,5.90448
sonic,190,fell,21.78,5,68.0863,39.0887,1.95851,0.821938,249.046,73.0968,19.7867,14.4836,2.11084,16.875,13.46,5.79172,7.56871,1.42882,400.577,134.536,75.3995,23.4183,1.6441,32.9389,24.7581,11.2493,13.9998,2.64579,526.606,180.082,91.4642,22.3389,2.65561,37.3455,30.4432,12.5905,13.4479,2.8399,779.155,251.61,122.658,39.2768,2.70683,53.4279,46.6059,16.701,17.4129,3.44159,1180.36,185.584,246.85,30.5218,1.64049,50.6607,38.0212,17.8939,17.194,3.26192,,,,,,,,,,,,,,,,,,,,,,,,,,,,,,,,,,,,,,,,,,,,,,,,,,,,,,,,,,,,,,,,,,,,,,
sonic,191,fell,22.74,5,68.3139,12.6614,1.33117,2.55752,342.99,97.1913,68.9353,34.4221,1.49451,34.2287,21.6802,11.1488,13.0762,1.79401,471.896,124.605,108.137,49.581,1.5642,39.8315,23.7386,15.3758,16.8033,1.87173,470.609,77.7161,56.6698,36.2244,1.88722,36.9802,19.3817,12.2785,15.517,1.70102,3797.16,509.674,1773.47,353.143,3.40794,219.93,109.029,107.106,127.108,10.7399,4964.31,676.047,1888.61,370.149,13.9695,267.381,133.343,127.354,160.151,26.9144,,,,,,,,,,,,,,,,,,,,,,,,,,,,,,,,,,,,,,,,,,,,,,,,,,,,,,,,,,,,,,,,,,,,,,
